task_id,layer,difficulty,system,model_id,seed,passed,score,failure_mode,rubric_json,notes,n_turns,wallclock_s,adapter_error,started_at,trajectory
A01_qc_filter,A,medium,deepseek_omicverse_prose,deepseek-v4-flash,0,True,1.0,none,"{""mt_obs"": true, ""ribo_obs"": true, ""cells_after_qc"": true, ""genes_filtered"": true, ""mt_values_sane"": true, ""multi_doublet_methods"": true}","multi_doublet_methods: 3 doublet methods; pairwise spearman: [('doublet_score_scrublet', 'doublet_score_scdblfinder', 0.501742115966546), ('doublet_score_scrublet', 'scdblfinder_score', 0.501742115966546), ('doublet_score_scdblfinder', 'scdblfinder_score', 1.0)]",16,149.6770052909851,,2026-07-25T09:25:10.642884Z,trajectories/ablation_v4flash_prose/A01_qc_filter__deepseek_omicverse_prose__deepseek_v4_flash__seed0.json
A01_qc_filter,A,medium,deepseek_omicverse_prose,deepseek-v4-flash,1,True,1.0,none,"{""mt_obs"": true, ""ribo_obs"": true, ""cells_after_qc"": true, ""genes_filtered"": true, ""mt_values_sane"": true, ""multi_doublet_methods"": true}","multi_doublet_methods: 2 doublet methods; pairwise spearman: [('doublet_score_scrublet', 'doublet_score_scdblfinder', 0.5029840091686034)]",10,158.79563093185425,,2026-07-25T09:50:38.565819Z,trajectories/ablation_v4flash_prose/A01_qc_filter__deepseek_omicverse_prose__deepseek_v4_flash__seed1.json
A01_qc_filter,A,medium,deepseek_omicverse_prose,deepseek-v4-flash,2,True,1.0,none,"{""mt_obs"": true, ""ribo_obs"": true, ""cells_after_qc"": true, ""genes_filtered"": true, ""mt_values_sane"": true, ""multi_doublet_methods"": true}","multi_doublet_methods: 3 doublet methods; pairwise spearman: [('doublet_score', 'doublet_score_scrublet', 1.0), ('doublet_score', 'doublet_score_scdblfinder', 0.501742115966546), ('doublet_score_scrublet', 'doublet_score_scdblfinder', 0.501742115966546)]",9,124.03075218200684,,2026-07-25T10:22:36.688509Z,trajectories/ablation_v4flash_prose/A01_qc_filter__deepseek_omicverse_prose__deepseek_v4_flash__seed2.json
A02_normalize_log,A,easy,deepseek_omicverse_prose,deepseek-v4-flash,0,True,1.0,none,"{""counts_layer"": true, ""x_is_normalized"": true, ""per_cell_sum"": true, ""counts_int"": true}",,4,23.334241151809692,,2026-07-25T09:20:02.819571Z,trajectories/ablation_v4flash_prose/A02_normalize_log__deepseek_omicverse_prose__deepseek_v4_flash__seed0.json
A02_normalize_log,A,easy,deepseek_omicverse_prose,deepseek-v4-flash,1,True,1.0,none,"{""counts_layer"": true, ""x_is_normalized"": true, ""per_cell_sum"": true, ""counts_int"": true}",,5,29.000925540924072,,2026-07-25T09:51:07.943009Z,trajectories/ablation_v4flash_prose/A02_normalize_log__deepseek_omicverse_prose__deepseek_v4_flash__seed1.json
A02_normalize_log,A,easy,deepseek_omicverse_prose,deepseek-v4-flash,2,True,1.0,none,"{""counts_layer"": true, ""x_is_normalized"": true, ""per_cell_sum"": true, ""counts_int"": true}",,3,17.67044234275818,,2026-07-25T10:22:54.622496Z,trajectories/ablation_v4flash_prose/A02_normalize_log__deepseek_omicverse_prose__deepseek_v4_flash__seed2.json
A03_hvg,A,easy,deepseek_omicverse_prose,deepseek-v4-flash,0,True,1.0,none,"{""hvg_present"": true, ""hvg_count"": true, ""hvg_includes_canonical_markers"": true}","hvg_includes_canonical_markers: 20 canonical markers flagged: ['CCR7', 'CD14', 'CD3D', 'CD3E', 'CD79A', 'CD79B', 'CD8A', 'CD8B']",4,25.492446184158325,,2026-07-25T09:25:36.533982Z,trajectories/ablation_v4flash_prose/A03_hvg__deepseek_omicverse_prose__deepseek_v4_flash__seed0.json
A03_hvg,A,easy,deepseek_omicverse_prose,deepseek-v4-flash,1,True,1.0,none,"{""hvg_present"": true, ""hvg_count"": true, ""hvg_includes_canonical_markers"": true}","hvg_includes_canonical_markers: 20 canonical markers flagged: ['CCR7', 'CD14', 'CD3D', 'CD3E', 'CD79A', 'CD79B', 'CD8A', 'CD8B']",5,27.12100386619568,,2026-07-25T09:51:35.501501Z,trajectories/ablation_v4flash_prose/A03_hvg__deepseek_omicverse_prose__deepseek_v4_flash__seed1.json
A03_hvg,A,easy,deepseek_omicverse_prose,deepseek-v4-flash,2,True,1.0,none,"{""hvg_present"": true, ""hvg_count"": true, ""hvg_includes_canonical_markers"": true}","hvg_includes_canonical_markers: 20 canonical markers flagged: ['CCR7', 'CD14', 'CD3D', 'CD3E', 'CD79A', 'CD79B', 'CD8A', 'CD8B']",5,41.57468295097351,,2026-07-25T10:23:36.711887Z,trajectories/ablation_v4flash_prose/A03_hvg__deepseek_omicverse_prose__deepseek_v4_flash__seed2.json
A04_pca_neighbors_umap,A,medium,deepseek_omicverse_prose,deepseek-v4-flash,0,True,1.0,none,"{""pca"": true, ""neighbors"": true, ""umap"": true, ""umap_shape"": true, ""umap_preserves_celltype"": true}",umap_preserves_celltype: silhouette(X_umap | cell_type) = 0.467,3,43.16823410987854,,2026-07-25T09:26:20.128616Z,trajectories/ablation_v4flash_prose/A04_pca_neighbors_umap__deepseek_omicverse_prose__deepseek_v4_flash__seed0.json
A04_pca_neighbors_umap,A,medium,deepseek_omicverse_prose,deepseek-v4-flash,1,True,1.0,none,"{""pca"": true, ""neighbors"": true, ""umap"": true, ""umap_shape"": true, ""umap_preserves_celltype"": true}",umap_preserves_celltype: silhouette(X_umap | cell_type) = 0.467,4,46.01363754272461,,2026-07-25T09:52:21.962692Z,trajectories/ablation_v4flash_prose/A04_pca_neighbors_umap__deepseek_omicverse_prose__deepseek_v4_flash__seed1.json
A04_pca_neighbors_umap,A,medium,deepseek_omicverse_prose,deepseek-v4-flash,2,True,1.0,none,"{""pca"": true, ""neighbors"": true, ""umap"": true, ""umap_shape"": true, ""umap_preserves_celltype"": true}",umap_preserves_celltype: silhouette(X_umap | cell_type) = 0.467,6,52.496949672698975,,2026-07-25T10:24:29.611692Z,trajectories/ablation_v4flash_prose/A04_pca_neighbors_umap__deepseek_omicverse_prose__deepseek_v4_flash__seed2.json
A05_leiden_clustering,A,hard,deepseek_omicverse_prose,deepseek-v4-flash,0,True,1.0,none,"{""leiden_present"": true, ""cluster_count"": true, ""resolution_recorded"": true, ""multi_resolution_stability"": true, ""ari_vs_celltype"": true}",multi_resolution_stability: 3 resolutions; mean ARI = 0.674 | ari_vs_celltype: ARI=0.540,4,27.611003398895264,,2026-07-25T09:26:48.414215Z,trajectories/ablation_v4flash_prose/A05_leiden_clustering__deepseek_omicverse_prose__deepseek_v4_flash__seed0.json
A05_leiden_clustering,A,hard,deepseek_omicverse_prose,deepseek-v4-flash,1,True,1.0,none,"{""leiden_present"": true, ""cluster_count"": true, ""resolution_recorded"": true, ""multi_resolution_stability"": true, ""ari_vs_celltype"": true}",multi_resolution_stability: 3 resolutions; mean ARI = 0.674 | ari_vs_celltype: ARI=0.540,4,25.225648641586304,,2026-07-25T09:52:47.854474Z,trajectories/ablation_v4flash_prose/A05_leiden_clustering__deepseek_omicverse_prose__deepseek_v4_flash__seed1.json
A05_leiden_clustering,A,hard,deepseek_omicverse_prose,deepseek-v4-flash,2,True,1.0,none,"{""leiden_present"": true, ""cluster_count"": true, ""resolution_recorded"": true, ""multi_resolution_stability"": true, ""ari_vs_celltype"": true}",multi_resolution_stability: 3 resolutions; mean ARI = 0.674 | ari_vs_celltype: ARI=0.540,4,26.03353190422058,,2026-07-25T10:24:56.409435Z,trajectories/ablation_v4flash_prose/A05_leiden_clustering__deepseek_omicverse_prose__deepseek_v4_flash__seed2.json
B01_full_pipeline,B,hard,deepseek_omicverse_prose,deepseek-v4-flash,0,True,1.0,none,"{""mt_obs"": true, ""ribo_obs"": true, ""leiden_present"": true, ""counts_layer"": true, ""hvg"": true, ""pca"": true, ""umap"": true, ""cluster_count"": true, ""cells_after_full_qc"": true, ""resolution_chosen"": true, ""ari_vs_celltype"": true}",ari_vs_celltype: ARI=0.597,7,372.5056779384613,,2026-07-25T09:28:53.473660Z,trajectories/ablation_v4flash_prose/B01_full_pipeline__deepseek_omicverse_prose__deepseek_v4_flash__seed0.json
B01_full_pipeline,B,hard,deepseek_omicverse_prose,deepseek-v4-flash,1,True,1.0,none,"{""mt_obs"": true, ""ribo_obs"": true, ""leiden_present"": true, ""counts_layer"": true, ""hvg"": true, ""pca"": true, ""umap"": true, ""cluster_count"": true, ""cells_after_full_qc"": true, ""resolution_chosen"": true, ""ari_vs_celltype"": true}",ari_vs_celltype: ARI=0.542,5,86.12625432014465,,2026-07-25T10:02:48.189025Z,trajectories/ablation_v4flash_prose/B01_full_pipeline__deepseek_omicverse_prose__deepseek_v4_flash__seed1.json
B01_full_pipeline,B,hard,deepseek_omicverse_prose,deepseek-v4-flash,2,True,1.0,none,"{""mt_obs"": true, ""ribo_obs"": true, ""leiden_present"": true, ""counts_layer"": true, ""hvg"": true, ""pca"": true, ""umap"": true, ""cluster_count"": true, ""cells_after_full_qc"": true, ""resolution_chosen"": true, ""ari_vs_celltype"": true}",ari_vs_celltype: ARI=0.536,14,1627.2122609615326,,2026-07-25T11:51:26.665034Z,trajectories/ablation_v4flash_prose/B01_full_pipeline__deepseek_omicverse_prose__deepseek_v4_flash__seed2.json
B02_subset_recluster,B,hard,deepseek_omicverse_prose,deepseek-v4-flash,0,True,1.0,none,"{""subset_size"": true, ""only_t_cells"": true, ""tsubcluster_present"": true, ""subcluster_count"": true, ""cd4_cd8_split"": true}","cd4_cd8_split: CD4-dominant: ['0', '1', '2', '4']; CD8A-dominant: ['3', '5']",4,29.48837184906006,,2026-07-25T09:29:23.417504Z,trajectories/ablation_v4flash_prose/B02_subset_recluster__deepseek_omicverse_prose__deepseek_v4_flash__seed0.json
B02_subset_recluster,B,hard,deepseek_omicverse_prose,deepseek-v4-flash,1,True,1.0,none,"{""subset_size"": true, ""only_t_cells"": true, ""tsubcluster_present"": true, ""subcluster_count"": true, ""cd4_cd8_split"": true}","cd4_cd8_split: CD4-dominant: ['0', '1', '2', '4']; CD8A-dominant: ['3', '5']",6,31.870689392089844,,2026-07-25T10:03:20.788782Z,trajectories/ablation_v4flash_prose/B02_subset_recluster__deepseek_omicverse_prose__deepseek_v4_flash__seed1.json
B02_subset_recluster,B,hard,deepseek_omicverse_prose,deepseek-v4-flash,2,True,1.0,none,"{""subset_size"": true, ""only_t_cells"": true, ""tsubcluster_present"": true, ""subcluster_count"": true, ""cd4_cd8_split"": true}","cd4_cd8_split: CD4-dominant: ['0', '1', '3', '4']; CD8A-dominant: ['2', '5']",6,34.217883348464966,,2026-07-25T11:52:01.367972Z,trajectories/ablation_v4flash_prose/B02_subset_recluster__deepseek_omicverse_prose__deepseek_v4_flash__seed2.json
B03_diff_expression,B,hard,deepseek_omicverse_prose,deepseek-v4-flash,0,True,1.0,none,"{""rank_present"": true, ""rank_substructure"": true, ""multi_method_de_consistency"": true, ""top_markers_canonical_per_cluster"": true}","multi_method_de_consistency: 5 DE methods; mean Jaccard = 0.460 | top_markers_canonical_per_cluster: 6 clusters hit canonical markers: [('1', 'CD14-positive monocyte', ['LYZ', 'S100A8', 'S100A9']), ('12', 'B cell', ['CD79A', 'CD79B', 'MS4A1']), ('2', 'CD4-positive, alpha-beta T cell', ['CD3E']), ('3', 'CD14-positive monocyte', ['LYZ', 'S100A8', 'S100A9']), ('5', 'cytotoxic T cell', ['CD3D', 'CD3E'])]",19,359.02472019195557,,2026-07-25T09:35:22.968284Z,trajectories/ablation_v4flash_prose/B03_diff_expression__deepseek_omicverse_prose__deepseek_v4_flash__seed0.json
B03_diff_expression,B,hard,deepseek_omicverse_prose,deepseek-v4-flash,1,True,1.0,none,"{""rank_present"": true, ""rank_substructure"": true, ""multi_method_de_consistency"": true, ""top_markers_canonical_per_cluster"": true}","multi_method_de_consistency: 5 DE methods; mean Jaccard = 0.460 | top_markers_canonical_per_cluster: 6 clusters hit canonical markers: [('1', 'CD14-positive monocyte', ['LYZ', 'S100A8', 'S100A9']), ('12', 'B cell', ['CD79A', 'CD79B', 'MS4A1']), ('2', 'CD4-positive, alpha-beta T cell', ['CD3E']), ('3', 'CD14-positive monocyte', ['LYZ', 'S100A8', 'S100A9']), ('5', 'cytotoxic T cell', ['CD3D', 'CD3E'])]",14,123.42703437805176,,2026-07-25T10:05:24.649090Z,trajectories/ablation_v4flash_prose/B03_diff_expression__deepseek_omicverse_prose__deepseek_v4_flash__seed1.json
B03_diff_expression,B,hard,deepseek_omicverse_prose,deepseek-v4-flash,2,True,1.0,none,"{""rank_present"": true, ""rank_substructure"": true, ""multi_method_de_consistency"": true, ""top_markers_canonical_per_cluster"": true}","multi_method_de_consistency: 5 DE methods; mean Jaccard = 0.493 | top_markers_canonical_per_cluster: 6 clusters hit canonical markers: [('1', 'CD14-positive monocyte', ['CD14', 'LYZ', 'S100A8', 'S100A9']), ('12', 'B cell', ['CD19', 'CD79A', 'MS4A1']), ('2', 'CD4-positive, alpha-beta T cell', ['CD3D', 'CD3E', 'IL7R']), ('3', 'CD14-positive monocyte', ['S100A8', 'S100A9']), ('5', 'cytotoxic T cell', ['CD3D', 'CD3E'])]",13,232.76300692558289,,2026-07-25T11:55:54.551295Z,trajectories/ablation_v4flash_prose/B03_diff_expression__deepseek_omicverse_prose__deepseek_v4_flash__seed2.json
B04_multi_method_batch_correction,B,hard,deepseek_omicverse_prose,deepseek-v4-flash,0,True,1.0,none,"{""batch_obs"": true, ""batch_separation_reduced"": true, ""celltype_structure_preserved"": true, ""kbet_lisi_quantitative"": true}","batch_separation_reduced: max silhouette drop=+0.029 (base=0.008); per-key [('X_combat', 0.009186540963128209), ('X_harmony', 0.0049825680907815695), ('X_mde_combat', -0.029976096004247665), ('X_mde_harmony', 0.010407015681266785), ('X_mde_scVI', -0.005713801831007004), ('X_mde_scanorama', -0.0025749364867806435), ('X_pca_harmony', 0.0049825680907815695), ('X_scVI', 0.007734006496320944), ('X_scanorama', -0.016274312246069806), ('corrected', 0.029151178435234175)] | celltype_structure_preserved: best ASW(cell_type)=0.146 ≥ 50%×0.125 | kbet_lisi_quantitative: max kNN-batch-mixing score = 0.823; per-key [('X_combat', 0.22485714285714284), ('X_harmony', 0.6851071428571428), ('X_mde_combat', 0.19424999999999998), ('X_mde_harmony', 0.7100714285714286), ('X_mde_scVI', 0.6897857142857142), ('X_mde_scanorama', 0.5753214285714284), ('X_pca_harmony', 0.6851071428571428), ('X_scVI', 0.6592499999999999), ('X_scanorama', 0.4976071428571428), ('corrected', 0.8226785714285713)]",24,475.9159107208252,,2026-07-25T09:43:25.149154Z,trajectories/ablation_v4flash_prose/B04_multi_method_batch_correction__deepseek_omicverse_prose__deepseek_v4_flash__seed0.json
B04_multi_method_batch_correction,B,hard,deepseek_omicverse_prose,deepseek-v4-flash,1,True,1.0,none,"{""batch_obs"": true, ""batch_separation_reduced"": true, ""celltype_structure_preserved"": true, ""kbet_lisi_quantitative"": true}","batch_separation_reduced: max silhouette drop=+0.029 (base=0.008); per-key [('X_combat', 0.009186540963128209), ('X_harmony', 0.004981855629011989), ('X_mde_combat', -0.029976096004247665), ('X_mde_harmony', 0.010407015681266785), ('X_mde_scVI', -0.005713801831007004), ('X_mde_scanorama', -0.0025749364867806435), ('X_pca_harmony', 0.004981855629011989), ('X_scVI', 0.007734006496320944), ('X_scanorama', -0.016274312246069806), ('corrected', 0.029151178435234175)] | celltype_structure_preserved: best ASW(cell_type)=0.146 ≥ 50%×0.125 | kbet_lisi_quantitative: max kNN-batch-mixing score = 0.823; per-key [('X_combat', 0.22485714285714284), ('X_harmony', 0.6852499999999999), ('X_mde_combat', 0.19424999999999998), ('X_mde_harmony', 0.7100714285714286), ('X_mde_scVI', 0.6897857142857142), ('X_mde_scanorama', 0.5753214285714284), ('X_pca_harmony', 0.6852499999999999), ('X_scVI', 0.6592499999999999), ('X_scanorama', 0.4976071428571428), ('corrected', 0.8226785714285713)]",10,258.27980065345764,,2026-07-25T10:09:46.960396Z,trajectories/ablation_v4flash_prose/B04_multi_method_batch_correction__deepseek_omicverse_prose__deepseek_v4_flash__seed1.json
B04_multi_method_batch_correction,B,hard,deepseek_omicverse_prose,deepseek-v4-flash,2,True,1.0,none,"{""batch_obs"": true, ""batch_separation_reduced"": true, ""celltype_structure_preserved"": true, ""kbet_lisi_quantitative"": true}","batch_separation_reduced: max silhouette drop=+0.029 (base=0.008); per-key [('X_combat', 0.009186540963128209), ('X_harmony', 0.007606851489981636), ('X_mde_combat', -0.029976096004247665), ('X_mde_harmony', 0.010407015681266785), ('X_mde_scVI', -0.005713801831007004), ('X_mde_scanorama', -0.0025749364867806435), ('X_pca_harmony', 0.007606851489981636), ('X_scVI', -0.0002574082463979721), ('X_scanorama', -0.016282718675502707), ('corrected', 0.029151178435234175)] | celltype_structure_preserved: best ASW(cell_type)=0.139 ≥ 50%×0.125 | kbet_lisi_quantitative: max kNN-batch-mixing score = 0.823; per-key [('X_combat', 0.22485714285714284), ('X_harmony', 0.6978928571428571), ('X_mde_combat', 0.19424999999999998), ('X_mde_harmony', 0.7100714285714286), ('X_mde_scVI', 0.6897857142857142), ('X_mde_scanorama', 0.5753214285714284), ('X_pca_harmony', 0.6978928571428571), ('X_scVI', 0.5912857142857142), ('X_scanorama', 0.49742857142857144), ('corrected', 0.8226785714285713)]",8,644.863867521286,,2026-07-25T12:06:42.919678Z,trajectories/ablation_v4flash_prose/B04_multi_method_batch_correction__deepseek_omicverse_prose__deepseek_v4_flash__seed2.json
B05_multi_method_annotation,B,hard,deepseek_omicverse_prose,deepseek-v4-flash,0,True,1.0,none,"{""multi_annotation"": true}",multi_annotation: 2 annotation methods; family-level agreement = 0.821 (pairwise=[0.821]),21,162.39094734191895,,2026-07-25T09:46:09.017042Z,trajectories/ablation_v4flash_prose/B05_multi_method_annotation__deepseek_omicverse_prose__deepseek_v4_flash__seed0.json
B05_multi_method_annotation,B,hard,deepseek_omicverse_prose,deepseek-v4-flash,1,True,1.0,none,"{""multi_annotation"": true}","multi_annotation: 4 annotation methods; family-level agreement = 0.880 (pairwise=[0.821, 0.866, 0.953])",15,148.58602499961853,,2026-07-25T10:12:15.983762Z,trajectories/ablation_v4flash_prose/B05_multi_method_annotation__deepseek_omicverse_prose__deepseek_v4_flash__seed1.json
B05_multi_method_annotation,B,hard,deepseek_omicverse_prose,deepseek-v4-flash,2,True,1.0,none,"{""multi_annotation"": true}","multi_annotation: 3 annotation methods; family-level agreement = 0.880 (pairwise=[0.821, 0.866, 0.953])",21,145.96725487709045,,2026-07-25T12:09:09.344822Z,trajectories/ablation_v4flash_prose/B05_multi_method_annotation__deepseek_omicverse_prose__deepseek_v4_flash__seed2.json
B06_reference_annotation,B,medium,deepseek_omicverse_prose,deepseek-v4-flash,0,True,1.0,none,"{""predicted_obs"": true, ""ref_celltype_present"": true, ""predicted_coverage"": true}",,24,630.0642623901367,,2026-07-25T09:56:39.333524Z,trajectories/ablation_v4flash_prose/B06_reference_annotation__deepseek_omicverse_prose__deepseek_v4_flash__seed0.json
B06_reference_annotation,B,medium,deepseek_omicverse_prose,deepseek-v4-flash,1,True,1.0,none,"{""predicted_obs"": true, ""ref_celltype_present"": true, ""predicted_coverage"": true}",,16,388.9198315143585,,2026-07-25T10:18:45.157258Z,trajectories/ablation_v4flash_prose/B06_reference_annotation__deepseek_omicverse_prose__deepseek_v4_flash__seed1.json
B06_reference_annotation,B,medium,deepseek_omicverse_prose,deepseek-v4-flash,2,True,1.0,none,"{""predicted_obs"": true, ""ref_celltype_present"": true, ""predicted_coverage"": true}",,12,212.6959149837494,,2026-07-25T12:12:42.300516Z,trajectories/ablation_v4flash_prose/B06_reference_annotation__deepseek_omicverse_prose__deepseek_v4_flash__seed2.json
B08_aucell_pathway_scoring,B,medium,deepseek_omicverse_prose,deepseek-v4-flash,0,False,0.6666666666666666,wrong_workflow_order,"{""score_columns_regex"": true, ""score_count_matching"": true, ""tb_celltype_specificity"": false}","score_columns_regex: '^(aucell|score|signature|auc)_'→score_t_cell | score_count_matching: 2 matching: ['score_t_cell', 'score_b_cell'] | tb_celltype_specificity: only 1 columns peak in expected family (need ≥2); samples=['score_b_cell↑b_cell (z_gap=5.78)']",6,70.02002143859863,,2026-07-25T09:57:51.702917Z,trajectories/ablation_v4flash_prose/B08_aucell_pathway_scoring__deepseek_omicverse_prose__deepseek_v4_flash__seed0.json
B08_aucell_pathway_scoring,B,medium,deepseek_omicverse_prose,deepseek-v4-flash,1,False,0.6666666666666666,wrong_workflow_order,"{""score_columns_regex"": true, ""score_count_matching"": true, ""tb_celltype_specificity"": false}","score_columns_regex: '^(aucell|score|signature|auc)_'→score_t_cell | score_count_matching: 2 matching: ['score_t_cell', 'score_b_cell'] | tb_celltype_specificity: only 1 columns peak in expected family (need ≥2); samples=['score_b_cell↑b_cell (z_gap=4.43)']",9,98.69072198867798,,2026-07-25T10:20:24.156600Z,trajectories/ablation_v4flash_prose/B08_aucell_pathway_scoring__deepseek_omicverse_prose__deepseek_v4_flash__seed1.json
B08_aucell_pathway_scoring,B,medium,deepseek_omicverse_prose,deepseek-v4-flash,2,False,0.6666666666666666,wrong_workflow_order,"{""score_columns_regex"": true, ""score_count_matching"": true, ""tb_celltype_specificity"": false}","score_columns_regex: '^(aucell|score|signature|auc)_'→aucell_t_cell | score_count_matching: 2 matching: ['aucell_t_cell', 'aucell_b_cell'] | tb_celltype_specificity: only 1 columns peak in expected family (need ≥2); samples=['aucell_b_cell↑b_cell (z_gap=6.13)']",7,90.60604238510132,,2026-07-25T12:14:13.246765Z,trajectories/ablation_v4flash_prose/B08_aucell_pathway_scoring__deepseek_omicverse_prose__deepseek_v4_flash__seed2.json
B09_cnmf_gene_programs,B,hard,deepseek_omicverse_prose,deepseek-v4-flash,0,True,1.0,none,"{""cnmf_obsm"": true, ""cnmf_programs_uns"": true, ""dominant_program"": true, ""n_programs"": true, ""cnmf_real_call"": true}","cnmf_obsm: 'X_cnmf|cnmf_usages|gep_usages'→X_cnmf | cnmf_programs_uns: 'cnmf.*program|cnmf.*spectra|cnmf.*gene_loading|gep_program'→cnmf_gene_loadings | cnmf_real_call: real cNMF library invocation: matched [""'\\\\bget_results_rfc\\\\b'→'get_results_rfc'"", ""'\\\\bget_results_rfc\\\\b'→'get_results_rfc'""]",37,819.7397944927216,,2026-07-25T09:36:20.592446Z,trajectories/ablation_v4flash_prose/B09_cnmf_gene_programs__deepseek_omicverse_prose__deepseek_v4_flash__seed0.json
B09_cnmf_gene_programs,B,hard,deepseek_omicverse_prose,deepseek-v4-flash,1,True,1.0,none,"{""cnmf_obsm"": true, ""cnmf_programs_uns"": true, ""dominant_program"": true, ""n_programs"": true, ""cnmf_real_call"": true}","cnmf_obsm: 'X_cnmf|cnmf_usages|gep_usages'→X_cnmf | cnmf_programs_uns: 'cnmf.*program|cnmf.*spectra|cnmf.*gene_loading|gep_program'→cnmf_programs_top_genes | cnmf_real_call: real cNMF library invocation: matched [""'\\\\bget_results_rfc\\\\b'→'get_results_rfc'"", ""'\\\\bov\\\\.single\\\\.cNMF\\\\b'→'ov.single.cNMF'""]",22,371.2073392868042,,2026-07-25T12:38:59.482374Z,trajectories/ablation_v4flash_prose/B09_cnmf_gene_programs__deepseek_omicverse_prose__deepseek_v4_flash__seed1.json
B09_cnmf_gene_programs,B,hard,deepseek_omicverse_prose,deepseek-v4-flash,2,True,1.0,none,"{""cnmf_obsm"": true, ""cnmf_programs_uns"": true, ""dominant_program"": true, ""n_programs"": true, ""cnmf_real_call"": true}","cnmf_obsm: 'X_cnmf|cnmf_usages|gep_usages'→X_cnmf | cnmf_programs_uns: 'cnmf.*program|cnmf.*spectra|cnmf.*gene_loading|gep_program'→cnmf_gene_loadings | cnmf_real_call: real cNMF library invocation: matched [""'\\\\bget_results_rfc\\\\b'→'get_results_rfc'"", ""'\\\\bget_results_rfc\\\\b'→'get_results_rfc'""]",12,502.92051935195923,,2026-07-25T18:20:37.169744Z,trajectories/ablation_v4flash_prose/B09_cnmf_gene_programs__deepseek_omicverse_prose__deepseek_v4_flash__seed2.json
B10_gene_regulatory_network,B,hard,deepseek_omicverse_prose,deepseek-v4-flash,0,True,1.0,none,"{""regulon_obsm"": true, ""regulon_uns"": true, ""n_regulons"": true}",regulon_obsm: 'regulon|tf_module|^X_auc|auc_'→X_regulon_auc | regulon_uns: 'regulon|network|grn'→n_regulons | n_regulons: obsm['X_regulon_auc'] has 64 dims,30,3052.0802116394043,,2026-07-25T10:27:12.967124Z,trajectories/ablation_v4flash_prose/B10_gene_regulatory_network__deepseek_omicverse_prose__deepseek_v4_flash__seed0.json
B10_gene_regulatory_network,B,hard,deepseek_omicverse_prose,deepseek-v4-flash,1,True,1.0,none,"{""regulon_obsm"": true, ""regulon_uns"": true, ""n_regulons"": true}",regulon_obsm: 'regulon|tf_module|^X_auc|auc_'→X_regulon_auc | regulon_uns: 'regulon|network|grn'→grn_network | n_regulons: obsm['X_regulon_auc'] has 57 dims,19,2644.462944507599,,2026-07-25T13:23:04.329965Z,trajectories/ablation_v4flash_prose/B10_gene_regulatory_network__deepseek_omicverse_prose__deepseek_v4_flash__seed1.json
B10_gene_regulatory_network,B,hard,deepseek_omicverse_prose,deepseek-v4-flash,2,True,1.0,none,"{""regulon_obsm"": true, ""regulon_uns"": true, ""n_regulons"": true}",regulon_obsm: 'regulon|tf_module|^X_auc|auc_'→X_regulon_auc | regulon_uns: 'regulon|network|grn'→regulon_grn | n_regulons: obsm['X_regulon_auc'] has 34 dims,26,4588.058768033981,,2026-07-25T19:37:05.561950Z,trajectories/ablation_v4flash_prose/B10_gene_regulatory_network__deepseek_omicverse_prose__deepseek_v4_flash__seed2.json
B11_scrna_cell_cell_communication,B,hard,deepseek_omicverse_prose,deepseek-v4-flash,0,True,1.0,none,"{""ccc_table"": true, ""celltype_obs"": true, ""ccc_real_call"": true}","ccc_table: 'ccc|lr_pairs|cell_communication|cellphonedb|liana|interactions'→cell_communication_liana | ccc_real_call: real CCC library invocation (cellphonedb/liana/commot/ov.single): matched [""'\\\\bcellphonedb_v5\\\\b'→'cellphonedb_v5'"", ""'\\\\bcellphonedb_v5\\\\b'→'cellphonedb_v5'""]",17,209.83350801467896,,2026-07-25T10:01:21.784230Z,trajectories/ablation_v4flash_prose/B11_scrna_cell_cell_communication__deepseek_omicverse_prose__deepseek_v4_flash__seed0.json
B11_scrna_cell_cell_communication,B,hard,deepseek_omicverse_prose,deepseek-v4-flash,1,False,0.6666666666666666,wrong_workflow_order,"{""ccc_table"": true, ""celltype_obs"": true, ""ccc_real_call"": false}",ccc_table: 'ccc|lr_pairs|cell_communication|cellphonedb|liana|interactions'→lr_pairs_cellphonedb | ccc_real_call: real CCC library invocation (cellphonedb/liana/commot/ov.single): no markers in tool output,36,3834.567548274994,,2026-07-25T11:24:19.106216Z,trajectories/ablation_v4flash_prose/B11_scrna_cell_cell_communication__deepseek_omicverse_prose__deepseek_v4_flash__seed1.json
B11_scrna_cell_cell_communication,B,hard,deepseek_omicverse_prose,deepseek-v4-flash,2,True,1.0,none,"{""ccc_table"": true, ""celltype_obs"": true, ""ccc_real_call"": true}","ccc_table: 'ccc|lr_pairs|cell_communication|cellphonedb|liana|interactions'→cell_communication_liana | ccc_real_call: real CCC library invocation (cellphonedb/liana/commot/ov.single): matched [""'\\\\bcellphonedb_v5\\\\b'→'cellphonedb_v5'""]",17,772.7273070812225,,2026-07-25T12:27:06.280174Z,trajectories/ablation_v4flash_prose/B11_scrna_cell_cell_communication__deepseek_omicverse_prose__deepseek_v4_flash__seed2.json
C01_visium_spatial_domain,C,hard,deepseek_omicverse_prose,deepseek-v4-flash,0,True,1.0,none,"{""spatial_obsm"": true, ""ground_truth_loaded"": true, ""spatial_domain"": true, ""n_domains"": true, ""spatial_silhouette"": true, ""ari_vs_ground_truth"": true}","spatial_silhouette: spatial silhouette=0.102 | ari_vs_ground_truth: ARI(['spatial_domain', 'clusters', 'leiden', 'spatial_clusters'] vs ground_truth_layer) = 0.402",38,4597.5345232486725,,2026-07-25T10:39:18.387609Z,trajectories/ablation_v4flash_prose/C01_visium_spatial_domain__deepseek_omicverse_prose__deepseek_v4_flash__seed0.json
C01_visium_spatial_domain,C,hard,deepseek_omicverse_prose,deepseek-v4-flash,1,True,1.0,none,"{""spatial_obsm"": true, ""ground_truth_loaded"": true, ""spatial_domain"": true, ""n_domains"": true, ""spatial_silhouette"": true, ""ari_vs_ground_truth"": true}","spatial_silhouette: spatial silhouette=0.194 | ari_vs_ground_truth: ARI(['spatial_domain', 'clusters', 'leiden', 'spatial_clusters'] vs ground_truth_layer) = 0.311",45,1755.6703312397003,,2026-07-25T12:10:19.614801Z,trajectories/ablation_v4flash_prose/C01_visium_spatial_domain__deepseek_omicverse_prose__deepseek_v4_flash__seed1.json
C01_visium_spatial_domain,C,hard,deepseek_omicverse_prose,deepseek-v4-flash,2,True,1.0,none,"{""spatial_obsm"": true, ""ground_truth_loaded"": true, ""spatial_domain"": true, ""n_domains"": true, ""spatial_silhouette"": true, ""ari_vs_ground_truth"": true}","spatial_silhouette: spatial silhouette=0.118 | ari_vs_ground_truth: ARI(['spatial_domain', 'clusters', 'leiden', 'spatial_clusters'] vs ground_truth_layer) = 0.401",28,353.5727770328522,,2026-07-25T14:35:40.043023Z,trajectories/ablation_v4flash_prose/C01_visium_spatial_domain__deepseek_omicverse_prose__deepseek_v4_flash__seed2.json
C02_visium_hd_svg,C,hard,deepseek_omicverse_prose,deepseek-v4-flash,0,True,1.0,none,"{""spatial_obsm"": true, ""svg_marker"": true, ""svg_count"": true}",svg_count: var['space_variable_features'].sum()=200 ≥ 100,26,1375.8478498458862,,2026-07-25T11:02:15.343544Z,trajectories/ablation_v4flash_prose/C02_visium_hd_svg__deepseek_omicverse_prose__deepseek_v4_flash__seed0.json
C02_visium_hd_svg,C,hard,deepseek_omicverse_prose,deepseek-v4-flash,1,True,1.0,none,"{""spatial_obsm"": true, ""svg_marker"": true, ""svg_count"": true}",svg_count: var['space_variable_features'].sum()=3000 ≥ 100,26,6212.058426141739,,2026-07-25T13:53:52.900711Z,trajectories/ablation_v4flash_prose/C02_visium_hd_svg__deepseek_omicverse_prose__deepseek_v4_flash__seed1.json
C02_visium_hd_svg,C,hard,deepseek_omicverse_prose,deepseek-v4-flash,2,True,1.0,none,"{""spatial_obsm"": true, ""svg_marker"": true, ""svg_count"": true}",svg_count: var['space_variable_features'].sum()=3000 ≥ 100,23,2010.714809179306,,2026-07-25T15:09:11.474422Z,trajectories/ablation_v4flash_prose/C02_visium_hd_svg__deepseek_omicverse_prose__deepseek_v4_flash__seed2.json
C04_spatial_trajectory_stt,C,hard,deepseek_omicverse_prose,deepseek-v4-flash,0,False,0.8333333333333334,wrong_tool_choice,"{""spatial_obsm"": true, ""pseudotime_obs"": true, ""spatial_domain_obs"": true, ""domain_unique_count"": true, ""transition_uns"": true, ""stt_real_call"": false}",transition_uns: 'transition|tensor|stt|trajectory'→domain_transition_tensor | stt_real_call: real STT (spatial-transition-tensor) invocation: no markers in tool output,30,242.9342906475067,,2026-07-25T11:06:18.458525Z,trajectories/ablation_v4flash_prose/C04_spatial_trajectory_stt__deepseek_omicverse_prose__deepseek_v4_flash__seed0.json
C04_spatial_trajectory_stt,C,hard,deepseek_omicverse_prose,deepseek-v4-flash,1,False,0.8333333333333334,wrong_tool_choice,"{""spatial_obsm"": true, ""pseudotime_obs"": true, ""spatial_domain_obs"": true, ""domain_unique_count"": true, ""transition_uns"": true, ""stt_real_call"": false}",transition_uns: 'transition|tensor|stt|trajectory'→spatial_transition_counts | stt_real_call: real STT (spatial-transition-tensor) invocation: no markers in tool output,29,174.57728910446167,,2026-07-25T13:56:47.656606Z,trajectories/ablation_v4flash_prose/C04_spatial_trajectory_stt__deepseek_omicverse_prose__deepseek_v4_flash__seed1.json
C04_spatial_trajectory_stt,C,hard,deepseek_omicverse_prose,deepseek-v4-flash,2,False,0.8333333333333334,wrong_tool_choice,"{""spatial_obsm"": true, ""pseudotime_obs"": true, ""spatial_domain_obs"": true, ""domain_unique_count"": true, ""transition_uns"": true, ""stt_real_call"": false}",transition_uns: 'transition|tensor|stt|trajectory'→spatial_trajectory | stt_real_call: real STT (spatial-transition-tensor) invocation: no markers in tool output,21,193.22023367881775,,2026-07-25T15:12:24.820801Z,trajectories/ablation_v4flash_prose/C04_spatial_trajectory_stt__deepseek_omicverse_prose__deepseek_v4_flash__seed2.json
C05_spatial_celltype_deconvolution,C,hard,deepseek_omicverse_prose,deepseek-v4-flash,0,True,1.0,none,"{""spatial_obsm"": true, ""fractions_present"": true, ""deconv_real_call"": true}","fractions_present: 34 fraction cols, sums≈1, median 10.0 non-zero per sample | deconv_real_call: real spatial-deconvolution library invocation: matched [""'\\\\bov\\\\.space\\\\.Deconvolution\\\\b'→'ov.space.Deconvolution'"", ""'\\\\bov\\\\.space\\\\.Deconvolution\\\\b'→'ov.space.Deconvolution'""]",31,1381.2910318374634,,2026-07-25T11:29:21.471516Z,trajectories/ablation_v4flash_prose/C05_spatial_celltype_deconvolution__deepseek_omicverse_prose__deepseek_v4_flash__seed0.json
C05_spatial_celltype_deconvolution,C,hard,deepseek_omicverse_prose,deepseek-v4-flash,1,False,0.6666666666666666,wrong_tool_choice,"{""spatial_obsm"": true, ""fractions_present"": false, ""deconv_real_call"": true}","fractions_present: fractions don't sum to 1 (median sum = 1.000) | deconv_real_call: real spatial-deconvolution library invocation: matched [""'\\\\bov\\\\.space\\\\.Deconvolution\\\\b'→'ov.space.Deconvolution'""]",18,1075.5999245643616,,2026-07-25T14:14:45.205078Z,trajectories/ablation_v4flash_prose/C05_spatial_celltype_deconvolution__deepseek_omicverse_prose__deepseek_v4_flash__seed1.json
C05_spatial_celltype_deconvolution,C,hard,deepseek_omicverse_prose,deepseek-v4-flash,2,False,0.6666666666666666,wrong_tool_choice,"{""spatial_obsm"": true, ""fractions_present"": false, ""deconv_real_call"": true}","fractions_present: fractions don't sum to 1 (median sum = 1.000) | deconv_real_call: real spatial-deconvolution library invocation: matched [""'\\\\bov\\\\.space\\\\.Deconvolution\\\\b'→'ov.space.Deconvolution'"", ""'\\\\bov\\\\.space\\\\.Deconvolution\\\\b'→'ov.space.Deconvolution'""]",22,472.4697723388672,,2026-07-25T15:20:19.194322Z,trajectories/ablation_v4flash_prose/C05_spatial_celltype_deconvolution__deepseek_omicverse_prose__deepseek_v4_flash__seed2.json
E01_bulk_deconvolution,E,hard,deepseek_omicverse_prose,deepseek-v4-flash,0,True,1.0,none,"{""fractions_present"": true, ""multi_method_agreement"": true}","fractions_present: 14 fraction cols, sums≈1, median 13.0 non-zero per sample | multi_method_agreement: 3 methods; mean correlation = 0.707",15,166.32143640518188,,2026-07-25T11:32:07.989927Z,trajectories/ablation_v4flash_prose/E01_bulk_deconvolution__deepseek_omicverse_prose__deepseek_v4_flash__seed0.json
E01_bulk_deconvolution,E,hard,deepseek_omicverse_prose,deepseek-v4-flash,1,True,1.0,none,"{""fractions_present"": true, ""multi_method_agreement"": true}","fractions_present: uns['cell_type_fractions'] 14 cell-type fractions, sums≈1 | multi_method_agreement: 4 methods; mean correlation = 0.559",15,187.45587730407715,,2026-07-25T14:17:52.878028Z,trajectories/ablation_v4flash_prose/E01_bulk_deconvolution__deepseek_omicverse_prose__deepseek_v4_flash__seed1.json
E01_bulk_deconvolution,E,hard,deepseek_omicverse_prose,deepseek-v4-flash,2,True,1.0,none,"{""fractions_present"": true, ""multi_method_agreement"": true}","fractions_present: 14 fraction cols, sums≈1, median 13.0 non-zero per sample | multi_method_agreement: 3 methods; mean correlation = 0.582",12,208.49627494812012,,2026-07-25T15:23:47.893574Z,trajectories/ablation_v4flash_prose/E01_bulk_deconvolution__deepseek_omicverse_prose__deepseek_v4_flash__seed2.json
E03_bulk_de_multi_method,E,hard,deepseek_omicverse_prose,deepseek-v4-flash,0,True,1.0,none,"{""rank_present"": true, ""rank_substructure"": true, ""multi_method_de_consistency"": true}",multi_method_de_consistency: 5 DE methods; mean Jaccard = 0.208,16,101.79702925682068,,2026-07-25T11:33:49.798654Z,trajectories/ablation_v4flash_prose/E03_bulk_de_multi_method__deepseek_omicverse_prose__deepseek_v4_flash__seed0.json
E03_bulk_de_multi_method,E,hard,deepseek_omicverse_prose,deepseek-v4-flash,1,True,1.0,none,"{""rank_present"": true, ""rank_substructure"": true, ""multi_method_de_consistency"": true}",multi_method_de_consistency: 4 DE methods; mean Jaccard = 0.188,16,182.76147055625916,,2026-07-25T14:20:55.677737Z,trajectories/ablation_v4flash_prose/E03_bulk_de_multi_method__deepseek_omicverse_prose__deepseek_v4_flash__seed1.json
E03_bulk_de_multi_method,E,hard,deepseek_omicverse_prose,deepseek-v4-flash,2,True,1.0,none,"{""rank_present"": true, ""rank_substructure"": true, ""multi_method_de_consistency"": true}",multi_method_de_consistency: 5 DE methods; mean Jaccard = 0.220,14,139.44961738586426,,2026-07-25T15:26:07.352201Z,trajectories/ablation_v4flash_prose/E03_bulk_de_multi_method__deepseek_omicverse_prose__deepseek_v4_flash__seed2.json
E04_bulk_wgcna,E,hard,deepseek_omicverse_prose,deepseek-v4-flash,0,True,1.0,none,"{""module_assignment"": true, ""n_modules"": true, ""module_trait_table"": true, ""wgcna_real_call"": true}","n_modules: var['module_color'].nunique()=12 | wgcna_real_call: real WGCNA / pyWGCNA invocation: matched [""'\\\\bPyWGCNA\\\\b'→'PyWGCNA'"", ""'\\\\bPyWGCNA\\\\b'→'pyWGCNA'""]",7,83.97552347183228,,2026-07-25T11:35:14.338333Z,trajectories/ablation_v4flash_prose/E04_bulk_wgcna__deepseek_omicverse_prose__deepseek_v4_flash__seed0.json
E04_bulk_wgcna,E,hard,deepseek_omicverse_prose,deepseek-v4-flash,1,False,0.5,wrong_tool_choice,"{""module_assignment"": false, ""n_modules"": false, ""module_trait_table"": true, ""wgcna_real_call"": true}","module_assignment: var missing: ['any-of:[module_color|wgcna_module|module|modules|module_id|module_label]'] | n_modules: var key missing: ['module_color', 'wgcna_module', 'module', 'modules', 'module_id', 'module_label'] | wgcna_real_call: real WGCNA / pyWGCNA invocation: matched [""'\\\\bPyWGCNA\\\\b'→'PyWGCNA'"", ""'\\\\bPyWGCNA\\\\b'→'PyWGCNA'""]",13,194.21106553077698,,2026-07-25T14:24:10.412183Z,trajectories/ablation_v4flash_prose/E04_bulk_wgcna__deepseek_omicverse_prose__deepseek_v4_flash__seed1.json
E04_bulk_wgcna,E,hard,deepseek_omicverse_prose,deepseek-v4-flash,2,True,1.0,none,"{""module_assignment"": true, ""n_modules"": true, ""module_trait_table"": true, ""wgcna_real_call"": true}","n_modules: var['module_color'].nunique()=15 | wgcna_real_call: real WGCNA / pyWGCNA invocation: matched [""'\\\\bPyWGCNA\\\\b'→'pyWGCNA'"", ""'\\\\bPyWGCNA\\\\b'→'PyWGCNA'""]",11,214.4416902065277,,2026-07-25T15:29:42.768198Z,trajectories/ablation_v4flash_prose/E04_bulk_wgcna__deepseek_omicverse_prose__deepseek_v4_flash__seed2.json
E05_bulk_metabol_multivariate,E,hard,deepseek_omicverse_prose,deepseek-v4-flash,0,True,1.0,none,"{""group_obs"": true, ""two_distinct_groups"": true, ""multivariate_obsm"": true, ""two_distinct_methods"": true, ""supervised_separation"": true}","multivariate_obsm: '^X_(pca|plsda|opls.?da|pls.?da|pls)$'→X_oplsda | two_distinct_methods: 3 matching: ['X_oplsda', 'X_pca', 'X_plsda'] | supervised_separation: silhouette(X_plsda | group) = 0.267",14,95.88605737686157,,2026-07-25T11:36:50.234049Z,trajectories/ablation_v4flash_prose/E05_bulk_metabol_multivariate__deepseek_omicverse_prose__deepseek_v4_flash__seed0.json
E05_bulk_metabol_multivariate,E,hard,deepseek_omicverse_prose,deepseek-v4-flash,1,True,1.0,none,"{""group_obs"": true, ""two_distinct_groups"": true, ""multivariate_obsm"": true, ""two_distinct_methods"": true, ""supervised_separation"": true}","multivariate_obsm: '^X_(pca|plsda|opls.?da|pls.?da|pls)$'→X_oplsda | two_distinct_methods: 3 matching: ['X_oplsda', 'X_pca', 'X_plsda'] | supervised_separation: silhouette(X_plsda | group) = 0.298",15,102.44170594215393,,2026-07-25T14:25:52.864775Z,trajectories/ablation_v4flash_prose/E05_bulk_metabol_multivariate__deepseek_omicverse_prose__deepseek_v4_flash__seed1.json
E05_bulk_metabol_multivariate,E,hard,deepseek_omicverse_prose,deepseek-v4-flash,2,True,1.0,none,"{""group_obs"": true, ""two_distinct_groups"": true, ""multivariate_obsm"": true, ""two_distinct_methods"": true, ""supervised_separation"": true}","multivariate_obsm: '^X_(pca|plsda|opls.?da|pls.?da|pls)$'→X_oplsda | two_distinct_methods: 4 matching: ['X_oplsda', 'X_pca', 'X_pls_da', 'X_plsda'] | supervised_separation: silhouette(X_plsda | group) = 0.298",14,79.8735122680664,,2026-07-25T15:31:02.651676Z,trajectories/ablation_v4flash_prose/E05_bulk_metabol_multivariate__deepseek_omicverse_prose__deepseek_v4_flash__seed2.json
E06_pathway_enrichment,E,medium,deepseek_omicverse_prose,deepseek-v4-flash,0,True,1.0,none,"{""rank_present"": true, ""enrichment_table"": true}",enrichment_table: 'enrich|gsea'→enrichment_go,14,113.03762173652649,,2026-07-25T11:38:43.280788Z,trajectories/ablation_v4flash_prose/E06_pathway_enrichment__deepseek_omicverse_prose__deepseek_v4_flash__seed0.json
E06_pathway_enrichment,E,medium,deepseek_omicverse_prose,deepseek-v4-flash,1,True,1.0,none,"{""rank_present"": true, ""enrichment_table"": true}",enrichment_table: 'enrich|gsea'→enrichment_go,19,144.4352240562439,,2026-07-25T14:28:17.309600Z,trajectories/ablation_v4flash_prose/E06_pathway_enrichment__deepseek_omicverse_prose__deepseek_v4_flash__seed1.json
E06_pathway_enrichment,E,medium,deepseek_omicverse_prose,deepseek-v4-flash,2,True,1.0,none,"{""rank_present"": true, ""enrichment_table"": true}",enrichment_table: 'enrich|gsea'→enrichment_go_bp,23,151.61121034622192,,2026-07-25T15:33:34.280491Z,trajectories/ablation_v4flash_prose/E06_pathway_enrichment__deepseek_omicverse_prose__deepseek_v4_flash__seed2.json
E07_ppi_network,E,medium,deepseek_omicverse_prose,deepseek-v4-flash,0,True,1.0,none,"{""rank_present"": true, ""ppi_table"": true, ""hub_summary"": true, ""ppi_real_call"": true}","ppi_table: 'ppi|interaction|network'→ppi_hub_genes | hub_summary: 'hub|degree|central'→ppi_hub_genes | ppi_real_call: real STRINGdb / PPI library invocation: matched [""'\\\\bov\\\\.bulk\\\\.string_interaction\\\\b'→'ov.bulk.string_interaction'""]",22,140.51984000205994,,2026-07-25T11:41:03.809067Z,trajectories/ablation_v4flash_prose/E07_ppi_network__deepseek_omicverse_prose__deepseek_v4_flash__seed0.json
E07_ppi_network,E,medium,deepseek_omicverse_prose,deepseek-v4-flash,1,True,1.0,none,"{""rank_present"": true, ""ppi_table"": true, ""hub_summary"": true, ""ppi_real_call"": true}","ppi_table: 'ppi|interaction|network'→ppi_network | hub_summary: 'hub|degree|central'→hub_genes_degree | ppi_real_call: real STRINGdb / PPI library invocation: matched [""'\\\\bov\\\\.bulk\\\\.string_interaction\\\\b'→'ov.bulk.string_interaction'"", ""'\\\\bov\\\\.bulk\\\\.string_interaction\\\\b'→'ov.bulk.string_interaction'""]",13,88.93418979644775,,2026-07-25T14:29:46.257234Z,trajectories/ablation_v4flash_prose/E07_ppi_network__deepseek_omicverse_prose__deepseek_v4_flash__seed1.json
E07_ppi_network,E,medium,deepseek_omicverse_prose,deepseek-v4-flash,2,True,1.0,none,"{""rank_present"": true, ""ppi_table"": true, ""hub_summary"": true, ""ppi_real_call"": true}","ppi_table: 'ppi|interaction|network'→ppi_hub_degree | hub_summary: 'hub|degree|central'→ppi_hub_degree | ppi_real_call: real STRINGdb / PPI library invocation: matched [""'\\\\bov\\\\.bulk\\\\.string_interaction\\\\b'→'ov.bulk.string_interaction'"", ""'\\\\bov\\\\.bulk\\\\.string_interaction\\\\b'→'ov.bulk.string_interaction'""]",14,96.69959950447083,,2026-07-25T15:35:10.988771Z,trajectories/ablation_v4flash_prose/E07_ppi_network__deepseek_omicverse_prose__deepseek_v4_flash__seed2.json
F01_multi_mode_velocity,F,hard,deepseek_omicverse_prose,deepseek-v4-flash,0,True,1.0,none,"{""velocity_layer"": true, ""velocity_umap_obsm"": true, ""modes_directionally_agree"": true, ""velocity_flows_from_root"": true}","velocity_layer: '^(velocity|velo)(_[A-Za-z0-9]+)?$'→velocity | velocity_umap_obsm: '^(velocity|velo)(_[A-Za-z0-9]+)?_umap$'→velocity_umap | modes_directionally_agree: mean cosine=0.997 between ['velocity', 'velocity_S'] | velocity_flows_from_root: outward cosine=0.349 (velocity flows from 'Ductal')",9,454.9104001522064,,2026-07-25T09:34:23.662281Z,trajectories/ablation_v4flash_prose/F01_multi_mode_velocity__deepseek_omicverse_prose__deepseek_v4_flash__seed0.json
F01_multi_mode_velocity,F,hard,deepseek_omicverse_prose,deepseek-v4-flash,1,True,1.0,none,"{""velocity_layer"": true, ""velocity_umap_obsm"": true, ""modes_directionally_agree"": true, ""velocity_flows_from_root"": true}","velocity_layer: '^(velocity|velo)(_[A-Za-z0-9]+)?$'→velocity | velocity_umap_obsm: '^(velocity|velo)(_[A-Za-z0-9]+)?_umap$'→velocity_umap | modes_directionally_agree: mean cosine=0.129 between ['velocity', 'velocity_alt'] | velocity_flows_from_root: outward cosine=0.345 (velocity flows from 'Ductal')",15,861.3065655231476,,2026-07-25T10:07:09.550297Z,trajectories/ablation_v4flash_prose/F01_multi_mode_velocity__deepseek_omicverse_prose__deepseek_v4_flash__seed1.json
F01_multi_mode_velocity,F,hard,deepseek_omicverse_prose,deepseek-v4-flash,2,True,1.0,none,"{""velocity_layer"": true, ""velocity_umap_obsm"": true, ""modes_directionally_agree"": true, ""velocity_flows_from_root"": true}","velocity_layer: '^(velocity|velo)(_[A-Za-z0-9]+)?$'→velocity | velocity_umap_obsm: '^(velocity|velo)(_[A-Za-z0-9]+)?_umap$'→velocity_umap | modes_directionally_agree: mean cosine=0.058 between ['velocity', 'velocity_alt'] | velocity_flows_from_root: outward cosine=0.335 (velocity flows from 'Ductal')",12,565.962239742279,,2026-07-25T10:34:22.745699Z,trajectories/ablation_v4flash_prose/F01_multi_mode_velocity__deepseek_omicverse_prose__deepseek_v4_flash__seed2.json
F02_multi_method_trajectory,F,hard,deepseek_omicverse_prose,deepseek-v4-flash,0,True,1.0,none,"{""two_pseudotime_obs"": true, ""pseudotime_anchored_at_root"": true, ""branch_detection"": true, ""pseudotime_methods_agree"": true}","two_pseudotime_obs: distinct pseudotime cols: ['palantir_pseudotime', 'dpt_pseudotime'] | pseudotime_anchored_at_root: all 2 pseudotime cols anchor at 'Ductal' | branch_detection: 4 terminal/branch states detected | pseudotime_methods_agree: 2 methods, min pairwise Spearman = 0.917 (palantir_pseudotime↔dpt_pseudotime)",13,138.6895673274994,,2026-07-25T09:36:42.717431Z,trajectories/ablation_v4flash_prose/F02_multi_method_trajectory__deepseek_omicverse_prose__deepseek_v4_flash__seed0.json
F02_multi_method_trajectory,F,hard,deepseek_omicverse_prose,deepseek-v4-flash,1,True,1.0,none,"{""two_pseudotime_obs"": true, ""pseudotime_anchored_at_root"": true, ""branch_detection"": true, ""pseudotime_methods_agree"": true}","two_pseudotime_obs: distinct pseudotime cols: ['palantir_pseudotime', 'dpt_pseudotime'] | pseudotime_anchored_at_root: all 2 pseudotime cols anchor at 'Ductal' | branch_detection: 4 terminal/branch states detected | pseudotime_methods_agree: 2 methods, min pairwise Spearman = 0.893 (palantir_pseudotime↔dpt_pseudotime)",13,141.140939950943,,2026-07-25T10:09:31.072942Z,trajectories/ablation_v4flash_prose/F02_multi_method_trajectory__deepseek_omicverse_prose__deepseek_v4_flash__seed1.json
F02_multi_method_trajectory,F,hard,deepseek_omicverse_prose,deepseek-v4-flash,2,True,1.0,none,"{""two_pseudotime_obs"": true, ""pseudotime_anchored_at_root"": true, ""branch_detection"": true, ""pseudotime_methods_agree"": true}","two_pseudotime_obs: distinct pseudotime cols: ['dpt_pseudotime', 'palantir_pseudotime'] | pseudotime_anchored_at_root: all 2 pseudotime cols anchor at 'Ductal' | branch_detection: 5 terminal/branch states detected | pseudotime_methods_agree: 2 methods, min pairwise Spearman = 0.889 (dpt_pseudotime↔palantir_pseudotime)",13,245.9648416042328,,2026-07-25T10:38:29.090875Z,trajectories/ablation_v4flash_prose/F02_multi_method_trajectory__deepseek_omicverse_prose__deepseek_v4_flash__seed2.json
F03_paga_pseudotime,F,hard,deepseek_omicverse_prose,deepseek-v4-flash,0,True,1.0,none,"{""neighbors"": true, ""paga"": true, ""paga_connectivities"": true, ""pseudotime_obs"": true}",,17,133.21390962600708,,2026-07-25T09:38:56.266000Z,trajectories/ablation_v4flash_prose/F03_paga_pseudotime__deepseek_omicverse_prose__deepseek_v4_flash__seed0.json
F03_paga_pseudotime,F,hard,deepseek_omicverse_prose,deepseek-v4-flash,1,True,1.0,none,"{""neighbors"": true, ""paga"": true, ""paga_connectivities"": true, ""pseudotime_obs"": true}",,17,114.07168841362,,2026-07-25T10:11:25.528351Z,trajectories/ablation_v4flash_prose/F03_paga_pseudotime__deepseek_omicverse_prose__deepseek_v4_flash__seed1.json
F03_paga_pseudotime,F,hard,deepseek_omicverse_prose,deepseek-v4-flash,2,True,1.0,none,"{""neighbors"": true, ""paga"": true, ""paga_connectivities"": true, ""pseudotime_obs"": true}",,17,123.31139278411865,,2026-07-25T10:40:32.736571Z,trajectories/ablation_v4flash_prose/F03_paga_pseudotime__deepseek_omicverse_prose__deepseek_v4_flash__seed2.json
F04_multi_backend_pseudotime,F,hard,deepseek_omicverse_prose,deepseek-v4-flash,0,True,1.0,none,"{""clusters_obs"": true, ""two_pseudotime_obs"": true, ""pseudotime_anchored_at_root"": true, ""pseudotime_methods_agree"": true}","two_pseudotime_obs: 2 matching: ['palantir_pseudotime', 'dpt_pseudotime'] | pseudotime_anchored_at_root: palantir_pseudotime: root cluster 'Ductal' has the lowest median pseudotime (0.202) | pseudotime_methods_agree: 2 methods, min pairwise Spearman = 0.893 (palantir_pseudotime↔dpt_pseudotime)",11,130.8964500427246,,2026-07-25T09:41:07.473727Z,trajectories/ablation_v4flash_prose/F04_multi_backend_pseudotime__deepseek_omicverse_prose__deepseek_v4_flash__seed0.json
F04_multi_backend_pseudotime,F,hard,deepseek_omicverse_prose,deepseek-v4-flash,1,True,1.0,none,"{""clusters_obs"": true, ""two_pseudotime_obs"": true, ""pseudotime_anchored_at_root"": true, ""pseudotime_methods_agree"": true}","two_pseudotime_obs: 2 matching: ['palantir_pseudotime', 'dpt_pseudotime'] | pseudotime_anchored_at_root: palantir_pseudotime: root cluster 'Ductal' has the lowest median pseudotime (0.202) | pseudotime_methods_agree: 2 methods, min pairwise Spearman = 0.921 (palantir_pseudotime↔dpt_pseudotime)",12,131.88772296905518,,2026-07-25T10:13:37.811708Z,trajectories/ablation_v4flash_prose/F04_multi_backend_pseudotime__deepseek_omicverse_prose__deepseek_v4_flash__seed1.json
F04_multi_backend_pseudotime,F,hard,deepseek_omicverse_prose,deepseek-v4-flash,2,True,1.0,none,"{""clusters_obs"": true, ""two_pseudotime_obs"": true, ""pseudotime_anchored_at_root"": true, ""pseudotime_methods_agree"": true}","two_pseudotime_obs: 3 matching: ['palantir_pseudotime', 'Pseudotime', 'monocle_pseudotime'] | pseudotime_anchored_at_root: palantir_pseudotime: root cluster 'Ductal' has the lowest median pseudotime (0.202) | pseudotime_methods_agree: 3 methods, min pairwise Spearman = 0.960 (palantir_pseudotime↔Pseudotime)",10,112.53976225852966,,2026-07-25T10:42:25.680967Z,trajectories/ablation_v4flash_prose/F04_multi_backend_pseudotime__deepseek_omicverse_prose__deepseek_v4_flash__seed2.json
G01_16s_diversity,G,medium,deepseek_omicverse_prose,deepseek-v4-flash,0,True,1.0,none,"{""alpha_present"": true, ""beta_present"": true, ""alpha_group_test"": true, ""beta_permanova"": true}","alpha_present: alpha diversity present: ['shannon', 'observed_otus', 'simpson'] | beta_present: beta diversity matrix at beta_distance: shape (20, 20) | alpha_group_test: group alpha-diversity test stored: uns['alpha_test_kruskal'] p=0.131 | beta_permanova: PERMANOVA-style test passed: uns['beta_permanova'] p=0.001",7,40.35405993461609,,2026-07-25T09:41:47.838502Z,trajectories/ablation_v4flash_prose/G01_16s_diversity__deepseek_omicverse_prose__deepseek_v4_flash__seed0.json
G01_16s_diversity,G,medium,deepseek_omicverse_prose,deepseek-v4-flash,1,False,0.75,wrong_tool_choice,"{""alpha_present"": true, ""beta_present"": false, ""alpha_group_test"": true, ""beta_permanova"": true}","alpha_present: alpha diversity present: ['shannon', 'observed_otus', 'simpson'] | beta_present: no beta diversity matrix at any of ['beta_distance', 'bray_curtis', 'unifrac', 'weighted_unifrac', 'beta_div'] | alpha_group_test: group alpha-diversity test stored: uns['alpha_test_kruskal'] p=0.131 | beta_permanova: PERMANOVA-style test passed: uns['beta_permanova'] p=0.001",9,65.25463247299194,,2026-07-25T10:14:43.074886Z,trajectories/ablation_v4flash_prose/G01_16s_diversity__deepseek_omicverse_prose__deepseek_v4_flash__seed1.json
G01_16s_diversity,G,medium,deepseek_omicverse_prose,deepseek-v4-flash,2,True,1.0,none,"{""alpha_present"": true, ""beta_present"": true, ""alpha_group_test"": true, ""beta_permanova"": true}","alpha_present: alpha diversity present: ['shannon', 'observed_otus', 'observed_asvs', 'simpson'] | beta_present: beta diversity matrix at bray_curtis: shape (20, 20) | alpha_group_test: group alpha-diversity test stored: uns['alpha_test_kruskal'] p=0.221 | beta_permanova: PERMANOVA-style test passed: uns['beta_permanova'] p=0.001",9,64.30052018165588,,2026-07-25T10:43:29.990852Z,trajectories/ablation_v4flash_prose/G01_16s_diversity__deepseek_omicverse_prose__deepseek_v4_flash__seed2.json
G02_multi_method_da,G,hard,deepseek_omicverse_prose,deepseek-v4-flash,0,True,1.0,none,"{""multi_method_da_results"": true}",multi_method_da_results: 2 DA methods; mean top-30 Jaccard = 0.364,10,124.73719477653503,,2026-07-25T09:43:52.584067Z,trajectories/ablation_v4flash_prose/G02_multi_method_da__deepseek_omicverse_prose__deepseek_v4_flash__seed0.json
G02_multi_method_da,G,hard,deepseek_omicverse_prose,deepseek-v4-flash,1,True,1.0,none,"{""multi_method_da_results"": true}",multi_method_da_results: 2 DA methods; mean top-30 Jaccard = 0.364,10,92.19070148468018,,2026-07-25T10:16:15.274172Z,trajectories/ablation_v4flash_prose/G02_multi_method_da__deepseek_omicverse_prose__deepseek_v4_flash__seed1.json
G02_multi_method_da,G,hard,deepseek_omicverse_prose,deepseek-v4-flash,2,True,1.0,none,"{""multi_method_da_results"": true}",multi_method_da_results: 2 DA methods; mean top-30 Jaccard = 0.364,15,125.50016021728516,,2026-07-25T10:45:35.506175Z,trajectories/ablation_v4flash_prose/G02_multi_method_da__deepseek_omicverse_prose__deepseek_v4_flash__seed2.json
G03_16s_ordination_pcoa,G,medium,deepseek_omicverse_prose,deepseek-v4-flash,0,True,1.0,none,"{""beta_dist_present"": true, ""pcoa_obsm"": true, ""pcoa_variance"": true, ""group_separation"": true}","beta_dist_present: beta diversity matrix at braycurtis: shape (20, 20) | pcoa_obsm: 'pcoa|PCoA'→X_pcoa | pcoa_variance: 'pcoa.*var|var.*pcoa|variance_explained|expl'→braycurtis_pcoa_var | group_separation: PERMANOVA-style test passed: uns['permanova_test'] p=0.001",9,68.21762299537659,,2026-07-25T09:45:00.809788Z,trajectories/ablation_v4flash_prose/G03_16s_ordination_pcoa__deepseek_omicverse_prose__deepseek_v4_flash__seed0.json
G03_16s_ordination_pcoa,G,medium,deepseek_omicverse_prose,deepseek-v4-flash,1,True,1.0,none,"{""beta_dist_present"": true, ""pcoa_obsm"": true, ""pcoa_variance"": true, ""group_separation"": true}","beta_dist_present: beta diversity matrix at braycurtis: shape (20, 20) | pcoa_obsm: 'pcoa|PCoA'→braycurtis_pcoa | pcoa_variance: 'pcoa.*var|var.*pcoa|variance_explained|expl'→braycurtis_pcoa_var | group_separation: PERMANOVA-style test passed: uns['permanova_test'] p=0.001",11,99.38591504096985,,2026-07-25T10:17:54.668408Z,trajectories/ablation_v4flash_prose/G03_16s_ordination_pcoa__deepseek_omicverse_prose__deepseek_v4_flash__seed1.json
G03_16s_ordination_pcoa,G,medium,deepseek_omicverse_prose,deepseek-v4-flash,2,True,1.0,none,"{""beta_dist_present"": true, ""pcoa_obsm"": true, ""pcoa_variance"": true, ""group_separation"": true}","beta_dist_present: beta diversity matrix at braycurtis: shape (20, 20) | pcoa_obsm: 'pcoa|PCoA'→X_pcoa | pcoa_variance: 'pcoa.*var|var.*pcoa|variance_explained|expl'→braycurtis_pcoa_var | group_separation: PERMANOVA-style test passed: uns['permanova_test'] p=0.000",13,84.53031396865845,,2026-07-25T10:47:00.047025Z,trajectories/ablation_v4flash_prose/G03_16s_ordination_pcoa__deepseek_omicverse_prose__deepseek_v4_flash__seed2.json
G04_16s_taxonomic_collapse,G,medium,deepseek_omicverse_prose,deepseek-v4-flash,0,True,1.0,none,"{""genus_table"": true, ""phylum_table"": true, ""asv_shannon"": true, ""genus_shannon"": true, ""shannon_ordering"": true, ""top_genera"": true}",genus_table: '(abundance|collaps(e|ed)|table|counts).*genus|genus.*(abundance|collaps|table|counts)'→abundance_genus | phylum_table: '(abundance|collaps(e|ed)|table|counts).*phylum|phylum.*(abundance|collaps|table|counts)'→abundance_phylum | genus_shannon: 'shannon.*genus|genus.*shannon'→shannon_genus | shannon_ordering: 20/20 (100%) of rows satisfy obs['shannon'] a_gt_b obs['shannon_genus'] | top_genera: 'top.*genus|top.*genera|top_taxa'→top5_genera,8,47.346843957901,,2026-07-25T09:45:48.165068Z,trajectories/ablation_v4flash_prose/G04_16s_taxonomic_collapse__deepseek_omicverse_prose__deepseek_v4_flash__seed0.json
G04_16s_taxonomic_collapse,G,medium,deepseek_omicverse_prose,deepseek-v4-flash,1,True,1.0,none,"{""genus_table"": true, ""phylum_table"": true, ""asv_shannon"": true, ""genus_shannon"": true, ""shannon_ordering"": true, ""top_genera"": true}",genus_table: '(abundance|collaps(e|ed)|table|counts).*genus|genus.*(abundance|collaps|table|counts)'→abundance_genus | phylum_table: '(abundance|collaps(e|ed)|table|counts).*phylum|phylum.*(abundance|collaps|table|counts)'→abundance_phylum | genus_shannon: 'shannon.*genus|genus.*shannon'→shannon_genus | shannon_ordering: 20/20 (100%) of rows satisfy obs['shannon'] a_gt_b obs['shannon_genus'] | top_genera: 'top.*genus|top.*genera|top_taxa'→top5_genus,7,49.353973388671875,,2026-07-25T10:18:44.031124Z,trajectories/ablation_v4flash_prose/G04_16s_taxonomic_collapse__deepseek_omicverse_prose__deepseek_v4_flash__seed1.json
G04_16s_taxonomic_collapse,G,medium,deepseek_omicverse_prose,deepseek-v4-flash,2,True,1.0,none,"{""genus_table"": true, ""phylum_table"": true, ""asv_shannon"": true, ""genus_shannon"": true, ""shannon_ordering"": true, ""top_genera"": true}",genus_table: '(abundance|collaps(e|ed)|table|counts).*genus|genus.*(abundance|collaps|table|counts)'→abundance_genus | phylum_table: '(abundance|collaps(e|ed)|table|counts).*phylum|phylum.*(abundance|collaps|table|counts)'→abundance_phylum | genus_shannon: 'shannon.*genus|genus.*shannon'→shannon_genus | shannon_ordering: 20/20 (100%) of rows satisfy obs['shannon'] a_gt_b obs['shannon_genus'] | top_genera: 'top.*genus|top.*genera|top_taxa'→top5_genus,8,46.15888261795044,,2026-07-25T10:47:46.214684Z,trajectories/ablation_v4flash_prose/G04_16s_taxonomic_collapse__deepseek_omicverse_prose__deepseek_v4_flash__seed2.json
G05_phylogenetic_diversity,G,hard,deepseek_omicverse_prose,deepseek-v4-flash,0,True,1.0,none,"{""tree_newick"": true, ""faith_pd_obs"": true, ""unifrac_distance"": true, ""unifrac_test"": true}","tree_newick: 'tree|phylogen|newick'→tree_newick | unifrac_distance: beta diversity matrix at unifrac: shape (20, 20) | unifrac_test: '(unifrac|tree).*(permanova|anosim|test)|(permanova|anosim).*(unifrac|tree)'→unifrac_permanova",32,131.36691212654114,,2026-07-25T09:47:59.543049Z,trajectories/ablation_v4flash_prose/G05_phylogenetic_diversity__deepseek_omicverse_prose__deepseek_v4_flash__seed0.json
G05_phylogenetic_diversity,G,hard,deepseek_omicverse_prose,deepseek-v4-flash,1,True,1.0,none,"{""tree_newick"": true, ""faith_pd_obs"": true, ""unifrac_distance"": true, ""unifrac_test"": true}","tree_newick: 'tree|phylogen|newick'→phylogeny | unifrac_distance: beta diversity matrix at unifrac: shape (20, 20) | unifrac_test: '(unifrac|tree).*(permanova|anosim|test)|(permanova|anosim).*(unifrac|tree)'→unifrac_permanova",19,108.35932660102844,,2026-07-25T10:20:32.398912Z,trajectories/ablation_v4flash_prose/G05_phylogenetic_diversity__deepseek_omicverse_prose__deepseek_v4_flash__seed1.json
G05_phylogenetic_diversity,G,hard,deepseek_omicverse_prose,deepseek-v4-flash,2,False,0.75,wrong_tool_choice,"{""tree_newick"": true, ""faith_pd_obs"": true, ""unifrac_distance"": false, ""unifrac_test"": true}","tree_newick: 'tree|phylogen|newick'→phylogeny | unifrac_distance: no beta diversity matrix at any of ['unifrac', 'weighted_unifrac', 'unweighted_unifrac'] | unifrac_test: '(unifrac|tree).*(permanova|anosim|test)|(permanova|anosim).*(unifrac|tree)'→unifrac_permanova",22,142.282240152359,,2026-07-25T10:50:08.505259Z,trajectories/ablation_v4flash_prose/G05_phylogenetic_diversity__deepseek_omicverse_prose__deepseek_v4_flash__seed2.json
L01_foundation_model_cell_embedding,L,hard,deepseek_omicverse_prose,deepseek-v4-flash,0,False,0.8,exceeded_turns,"{""fm_embedding_obsm"": true, ""embedding_dim_at_least"": true, ""neighbors_on_fm"": true, ""celltype_silhouette_fm"": false, ""fm_real_call"": true}","fm_embedding_obsm: '^X_(scgpt|geneformer|scfoundation|uce|cellplm|tabula|scbert|scmulan|tgpt|cellfm|sccello|scprint|aidocell|pulsar|nicheformer|fm)$|^X_.*foundation|^X_fm'→X_scgpt | embedding_dim_at_least: obsm['X_scgpt'] has 512 dims | celltype_silhouette_fm: silhouette(X_scgpt | cell_type) = -0.018 < 0.05 | fm_real_call: real foundation-model invocation: matched [""'ov\\\\.llm\\\\.SCLLMManager\\\\b'→'ov.llm.SCLLMManager'"", ""'\\\\[(Embedding|Predicting|Loaded)\\\\]\\\\s+.*(scGPT|Geneformer|scFoundation|UCE|CellPLM)'→'[Loaded] Geneformer'""]",50,1761.6939463615417,,2026-07-25T10:56:34.883181Z,trajectories/ablation_v4flash_prose/L01_foundation_model_cell_embedding__deepseek_omicverse_prose__deepseek_v4_flash__seed0.json
L01_foundation_model_cell_embedding,L,hard,deepseek_omicverse_prose,deepseek-v4-flash,1,False,0.2,exceeded_turns,"{""fm_embedding_obsm"": false, ""embedding_dim_at_least"": false, ""neighbors_on_fm"": false, ""celltype_silhouette_fm"": false, ""fm_real_call"": true}","fm_embedding_obsm: obsm missing: [""regex:'^X_(scgpt|geneformer|scfoundation|uce|cellplm|tabula|scbert|scmulan|tgpt|cellfm|sccello|scprint|aidocell|pulsar|nicheformer|fm)$|^X_.*foundation|^X_fm'""] | embedding_dim_at_least: obsm key missing among aliases: ['X_scgpt', 'X_geneformer', 'X_uce', 'X_cellplm', 'X_scfoundation', 'X_tabula', 'X_fm', 'X_foundation'] | neighbors_on_fm: uns missing: ['neighbors'] | celltype_silhouette_fm: obsm key missing among aliases: ['X_scgpt', 'X_geneformer', 'X_uce', 'X_cellplm', 'X_scfoundation', 'X_tabula', 'X_fm', 'X_foundation'] | fm_real_call: real foundation-model invocation: matched [""'ov\\\\.llm\\\\.SCLLMManager\\\\b'→'ov.llm.SCLLMManager'"", ""'\\\\[(Embedding|Predicting|Loaded)\\\\]\\\\s+.*(scGPT|Geneformer|scFoundation|UCE|CellPLM)'→'[Loaded] Geneformer'""]",50,6440.056669950485,,2026-07-25T15:10:24.752774Z,trajectories/ablation_v4flash_prose/L01_foundation_model_cell_embedding__deepseek_omicverse_prose__deepseek_v4_flash__seed1.json
L01_foundation_model_cell_embedding,L,hard,deepseek_omicverse_prose,deepseek-v4-flash,2,False,0.0,exceeded_turns,"{""fm_embedding_obsm"": false, ""embedding_dim_at_least"": false, ""neighbors_on_fm"": false, ""celltype_silhouette_fm"": false, ""fm_real_call"": false}","fm_embedding_obsm: obsm missing: [""regex:'^X_(scgpt|geneformer|scfoundation|uce|cellplm|tabula|scbert|scmulan|tgpt|cellfm|sccello|scprint|aidocell|pulsar|nicheformer|fm)$|^X_.*foundation|^X_fm'""] | embedding_dim_at_least: obsm key missing among aliases: ['X_scgpt', 'X_geneformer', 'X_uce', 'X_cellplm', 'X_scfoundation', 'X_tabula', 'X_fm', 'X_foundation'] | neighbors_on_fm: uns missing: ['neighbors'] | celltype_silhouette_fm: obsm key missing among aliases: ['X_scgpt', 'X_geneformer', 'X_uce', 'X_cellplm', 'X_scfoundation', 'X_tabula', 'X_fm', 'X_foundation'] | fm_real_call: real foundation-model invocation: no markers in tool output",50,445.0824658870697,,2026-07-25T19:44:31.022364Z,trajectories/ablation_v4flash_prose/L01_foundation_model_cell_embedding__deepseek_omicverse_prose__deepseek_v4_flash__seed2.json
L02_foundation_model_celltype_annotation,L,hard,deepseek_omicverse_prose,deepseek-v4-flash,0,True,1.0,none,"{""fine_tune_evidence"": true}","fine_tune_evidence: fine-tune evidence found (2+ matches): [""'\\\\b(train_loss|val_loss|train_acc|val_acc)\\\\s*[:=]\\\\s*\\\\d+\\\\.\\\\d+'→'train_loss=0.2681'"", ""'\\\\b(train_loss|val_loss|train_acc|val_acc)\\\\s*[:=]\\\\s*\\\\d+\\\\.\\\\d+'→'train_loss=0.2954'""]",54,1658.5541615486145,,2026-07-25T11:24:13.723958Z,trajectories/ablation_v4flash_prose/L02_foundation_model_celltype_annotation__deepseek_omicverse_prose__deepseek_v4_flash__seed0.json
L02_foundation_model_celltype_annotation,L,hard,deepseek_omicverse_prose,deepseek-v4-flash,1,True,1.0,none,"{""fine_tune_evidence"": true}","fine_tune_evidence: fine-tune evidence found (1+ matches): [""'\\\\b(train_loss|val_loss|train_acc|val_acc)\\\\s*[:=]\\\\s*\\\\d+\\\\.\\\\d+'→'train_loss=0.2298'""]",46,745.1453666687012,,2026-07-25T15:22:50.254614Z,trajectories/ablation_v4flash_prose/L02_foundation_model_celltype_annotation__deepseek_omicverse_prose__deepseek_v4_flash__seed1.json
L02_foundation_model_celltype_annotation,L,hard,deepseek_omicverse_prose,deepseek-v4-flash,2,True,1.0,none,"{""fine_tune_evidence"": true}","fine_tune_evidence: fine-tune evidence found (3+ matches): [""'\\\\b\\\\.fine_tune\\\\(\\\\s*train_adata\\\\s*='→'.fine_tune(\\n            train_adata='"", ""'\\\\[scGPT\\\\]\\\\s+(Fine-tuning|FINE-TUNING|Training)\\\\b'→'[SCGPT] FINE-TUNING'""]",38,1007.7756571769714,,2026-07-25T20:01:19.088010Z,trajectories/ablation_v4flash_prose/L02_foundation_model_celltype_annotation__deepseek_omicverse_prose__deepseek_v4_flash__seed2.json
L03_foundation_model_zero_shot_inference,L,hard,deepseek_omicverse_prose,deepseek-v4-flash,0,False,0.6666666666666666,exceeded_turns,"{""fm_inference_artifact"": true, ""fm_inference_summary"": true, ""fm_real_call"": false}",fm_inference_artifact: matched: obsm['X_geneformer_corrected'] | fm_inference_summary: '(scgpt|geneformer|scfoundation|uce|cellplm|tabula|fm|foundation).*(inference|metrics|summary)|^(scgpt|geneformer|scfoundation|uce|cellplm|tabula|fm|foundation)$'→geneformer | fm_real_call: real foundation-model invocation: no markers in tool output,50,1665.6078796386719,,2026-07-25T11:51:59.694979Z,trajectories/ablation_v4flash_prose/L03_foundation_model_zero_shot_inference__deepseek_omicverse_prose__deepseek_v4_flash__seed0.json
L03_foundation_model_zero_shot_inference,L,hard,deepseek_omicverse_prose,deepseek-v4-flash,1,False,0.3333333333333333,exceeded_turns,"{""fm_inference_artifact"": false, ""fm_inference_summary"": false, ""fm_real_call"": true}","fm_inference_artifact: no key matches /['(scgpt|geneformer|scfoundation|uce|cellplm|tabula|fm|foundation).*(imputed|denoised|corrected|inferred|reconstructed)']/ in any of ['layers', 'obsm'] | fm_inference_summary: uns missing: [""regex:'(scgpt|geneformer|scfoundation|uce|cellplm|tabula|fm|foundation).*(inference|metrics|summary)|^(scgpt|geneformer|scfoundation|uce|cellplm|tabula|fm|foundation)$'""] | fm_real_call: real foundation-model invocation: matched [""'from\\\\s+geneformer\\\\s+import'→'from geneformer import'""]",50,601.3756768703461,,2026-07-25T15:32:51.982504Z,trajectories/ablation_v4flash_prose/L03_foundation_model_zero_shot_inference__deepseek_omicverse_prose__deepseek_v4_flash__seed1.json
L03_foundation_model_zero_shot_inference,L,hard,deepseek_omicverse_prose,deepseek-v4-flash,2,False,0.6666666666666666,wrong_tool_choice,"{""fm_inference_artifact"": true, ""fm_inference_summary"": true, ""fm_real_call"": false}",fm_inference_artifact: matched: obsm['X_geneformer_corrected'] | fm_inference_summary: '(scgpt|geneformer|scfoundation|uce|cellplm|tabula|fm|foundation).*(inference|metrics|summary)|^(scgpt|geneformer|scfoundation|uce|cellplm|tabula|fm|foundation)$'→geneformer | fm_real_call: real foundation-model invocation: no markers in tool output,35,513.6399977207184,,2026-07-25T20:09:53.149736Z,trajectories/ablation_v4flash_prose/L03_foundation_model_zero_shot_inference__deepseek_omicverse_prose__deepseek_v4_flash__seed2.json
L04_foundation_model_perturbation_response,L,hard,deepseek_omicverse_prose,deepseek-v4-flash,0,True,1.0,none,"{""perturb_layer"": true, ""perturb_uns"": true, ""perturb_response_obs"": true, ""perturbation_real_call"": true}","perturb_layer: 'perturb|_pred$|_predicted$'→scgpt_pred_perturbed | perturb_uns: 'perturb'→perturbation | perturb_response_obs: 'perturb|_response$|_pred_magnitude'→scgpt_response | perturbation_real_call: real perturbation-prediction call: matched [""'ov\\\\.llm\\\\.SCLLMManager\\\\b'→'ov.llm.SCLLMManager'"", ""'ov\\\\.llm\\\\.SCLLMManager\\\\b'→'ov.llm.SCLLMManager'""]",70,2447.673234939575,,2026-07-25T12:32:47.778372Z,trajectories/ablation_v4flash_prose/L04_foundation_model_perturbation_response__deepseek_omicverse_prose__deepseek_v4_flash__seed0.json
L04_foundation_model_perturbation_response,L,hard,deepseek_omicverse_prose,deepseek-v4-flash,1,True,1.0,none,"{""perturb_layer"": true, ""perturb_uns"": true, ""perturb_response_obs"": true, ""perturbation_real_call"": true}","perturb_layer: 'perturb|_pred$|_predicted$'→scgpt_pred | perturb_uns: 'perturb'→perturbation | perturb_response_obs: 'perturb|_response$|_pred_magnitude'→scgpt_response | perturbation_real_call: real perturbation-prediction call: matched [""'ov\\\\.llm\\\\.SCLLMManager\\\\b'→'ov.llm.SCLLMManager'"", ""'ov\\\\.llm\\\\.SCLLMManager\\\\b'→'ov.llm.SCLLMManager'""]",80,9561.710707187653,,2026-07-25T18:12:13.959943Z,trajectories/ablation_v4flash_prose/L04_foundation_model_perturbation_response__deepseek_omicverse_prose__deepseek_v4_flash__seed1.json
L04_foundation_model_perturbation_response,L,hard,deepseek_omicverse_prose,deepseek-v4-flash,2,False,0.25,exceeded_turns,"{""perturb_layer"": false, ""perturb_uns"": false, ""perturb_response_obs"": false, ""perturbation_real_call"": true}","perturb_layer: layers missing: [""regex:'perturb|_pred$|_predicted$'""] | perturb_uns: uns missing: [""regex:'perturb'""] | perturb_response_obs: obs missing: [""regex:'perturb|_response$|_pred_magnitude'""] | perturbation_real_call: real perturbation-prediction call: matched [""'ov\\\\.llm\\\\.SCLLMManager\\\\b'→'ov.llm.SCLLMManager'"", ""'ov\\\\.llm\\\\.SCLLMManager\\\\b'→'ov.llm.SCLLMManager'""]",100,2062.2803359031677,,2026-07-25T20:44:15.665488Z,trajectories/ablation_v4flash_prose/L04_foundation_model_perturbation_response__deepseek_omicverse_prose__deepseek_v4_flash__seed2.json
